TDSFU Daily run: Thu Oct 23 07:54:54 UTC 2025 TDSFU
TDSFU Daily run: Fri Oct 24 04:34:14 UTC 2025 TDSFU
TDSFU Daily run: Sat Oct 25 04:32:46 UTC 2025 TDSFU
TDSFU Daily run: Sun Oct 26 04:33:05 UTC 2025 TDSFU
TDSFU Daily run: Mon Oct 27 04:42:22 UTC 2025 TDSFU
TDSFU Daily run: Tue Oct 28 04:35:20 UTC 2025 TDSFU
TDSFU Daily run: Wed Oct 29 04:40:47 UTC 2025 TDSFU
TDSFU Daily run: Thu Oct 30 04:34:47 UTC 2025 TDSFU
TDSFU Daily run: Fri Oct 31 04:37:05 UTC 2025 TDSFU
TDSFU Daily run: Sat Nov  1 04:33:01 UTC 2025 TDSFU
TDSFU Daily run: Sun Nov  2 04:34:51 UTC 2025 TDSFU
